"date_locale","heure_locale","fuseau","heure_paris","langue","id","reseau","texte","visuel","lien"
"2026-10-12","09:00","Asia/Jerusalem","2026-10-12 08:00","he","he-A","linkedin","אחרי החגים העסקים חוזרים לשגרה, והטלפון חוזר לצלצל. כל שיחה שלא נענתה היא לקוח שעלול להתקשר למתחרה.

זה לא שאתם לא מאורגנים. אתם באמצע סיור בנכס, בפגישה עם לקוח או בשיחה אחרת, והקו ממשיך לצלצל. ובערב, בשבת או בחג, אף אחד לא עונה בכלל.

עם PermanenceAI, סוכנת קולית AI עונה לשיחות שלכם 24/7. היא מציגה את עצמה כ-AI כבר בתחילת השיחה, מסננת את הפנייה, קובעת פגישות ישר ביומן (Google Calendar או Outlook, דרך Cal.com או Calendly) ושולחת לכם סיכום של כל שיחה; ההקלטה והתמלול מחכים לכם בהיסטוריית השיחות. כשצריך בן אדם, היא מעבירה את השיחה לצוות לפי הכללים שלכם. ומי שמתקשר בערבית, ברוסית או באנגלית מקבל מענה בשפה שלו.

המספר נשאר שלכם, בעזרת הפניית שיחות. מסלול מענה טלפוני מתחיל ב-$99 לחודש, לא כולל מע״מ, עם 350 דקות בחודש, בלי דמי הקמה ובלי התחייבות.

להשוואת המסלולים: https://www.permanenceia.com/he/tarifs?utm_source=linkedin&utm_medium=social&utm_campaign=posts-oct-2026&utm_content=A

#מענהטלפוני #בינהמלאכותית #ניהולנכסים #עסקיםקטנים #שירותלקוחות","he/he-A-linkedin.png","https://www.permanenceia.com/he/tarifs?utm_source=linkedin&utm_medium=social&utm_campaign=posts-oct-2026&utm_content=A"
"2026-10-12","12:30","Asia/Jerusalem","2026-10-12 11:30","he","he-A","facebook","אחרי החגים, הטלפון חוזר לצלצל. ומי עונה כשאתם באמצע סיור בנכס, בפגישה או בשיחה אחרת? 📞

עם PermanenceAI, סוכנת AI עונה לשיחות שלכם 24/7. היא אומרת כבר בהתחלה שהיא AI, מבררת מה הפונה צריך, קובעת את הפגישה ישר ביומן ושולחת לכם סיכום של כל שיחה. והמספר נשאר שלכם, בעזרת הפניית שיחות.

מסלולים החל מ-$99 לחודש, לא כולל מע״מ. בלי דמי הקמה ובלי התחייבות.

לכל המסלולים 👈 https://www.permanenceia.com/he/tarifs?utm_source=facebook&utm_medium=social&utm_campaign=posts-oct-2026&utm_content=A

#מענהטלפוני #בינהמלאכותית","he/he-A-carre.png","https://www.permanenceia.com/he/tarifs?utm_source=facebook&utm_medium=social&utm_campaign=posts-oct-2026&utm_content=A"
"2026-10-13","08:30","Europe/Rome","2026-10-13 08:30","it","it-A","facebook","📞 Il telefono squilla proprio mentre è in sala con i piatti in mano?
Con PermanenceIA risponde il Suo agente vocale AI, 24 ore su 24. Si presenta come assistente AI, risponde alle domande su orari e menu, raccoglie i dettagli della prenotazione e Le invia il riepilogo di ogni chiamata.
Lei pensa ai clienti in sala, al telefono ci pensa l’AI.
Piani da 99 USD IVA esclusa al mese, senza vincoli.
👉 Veda i prezzi: https://www.permanenceia.com/it/tarifs?utm_source=facebook&utm_medium=social&utm_campaign=posts-oct-2026&utm_content=A
#ristorazione #assistentetelefonicoAI","it/it-A-carre.png","https://www.permanenceia.com/it/tarifs?utm_source=facebook&utm_medium=social&utm_campaign=posts-oct-2026&utm_content=A"
"2026-10-13","08:30","Europe/Paris","2026-10-13 08:30","fr","fr-A","linkedin","Un appel manqué, c’est souvent une demande qui part chez un concurrent.
Et ce n’est pas forcément une question d’organisation : en intervention, en rendez-vous ou au comptoir, on ne peut tout simplement pas décrocher.

Avec Permanence IA, un agent vocal IA répond sur votre ligne, 24 h/24 et 7 j/7. Il se présente comme une IA dès le début de l’appel, répond aux questions courantes, qualifie la demande (nature du besoin, adresse, urgence, créneau), réserve le rendez-vous dans votre agenda via Cal.com ou Calendly et vous envoie le résumé de chaque appel. Si la demande sort du cadre, il transfère l’appel à votre équipe ou organise votre rappel, selon vos règles.

Vous gardez votre numéro : un simple renvoi d’appel suffit, sans changer d’opérateur ni de matériel.

Le forfait Réceptionniste est à 99 $US HT par mois, avec 350 minutes incluses, sans engagement ni frais de mise en service.
→ Comparez les forfaits : https://www.permanenceia.com/tarifs?utm_source=linkedin&utm_medium=social&utm_campaign=posts-oct-2026&utm_content=A

#TPE #PME #artisans #agentvocalIA #standardtéléphonique","fr/fr-A-linkedin.png","https://www.permanenceia.com/tarifs?utm_source=linkedin&utm_medium=social&utm_campaign=posts-oct-2026&utm_content=A"
"2026-10-13","12:15","Europe/Paris","2026-10-13 12:15","fr","fr-A","facebook","Vous êtes sur un chantier, les mains prises, et le téléphone sonne. 📞
Un appel manqué, c’est souvent un client qui appelle ailleurs.

Votre agent vocal IA décroche à votre place, 24 h/24 et 7 j/7. Il se présente comme une IA, qualifie la demande, réserve le rendez-vous dans votre agenda et vous envoie le résumé de l’appel. Vous gardez votre numéro.

Forfait Réceptionniste : 99 $US HT par mois, 350 minutes incluses, sans engagement.
👉 Voir les tarifs : https://www.permanenceia.com/tarifs?utm_source=facebook&utm_medium=social&utm_campaign=posts-oct-2026&utm_content=A

#artisan #TPE #agentIA","fr/fr-A-carre.png","https://www.permanenceia.com/tarifs?utm_source=facebook&utm_medium=social&utm_campaign=posts-oct-2026&utm_content=A"
"2026-10-13","12:45","Europe/Rome","2026-10-13 12:45","it","it-A","linkedin","Venerdì, ore 20:47. La sala è piena, il telefono squilla e nessuno può rispondere.
Quella chiamata poteva essere un tavolo per quattro. Ora quei quattro coperti rischiano di finire al ristorante di fronte.

Nella ristorazione il telefono squilla sempre nel momento sbagliato: in pieno servizio, mentre si è in cucina, a locale chiuso. PermanenceIA mette al Suo fianco un agente vocale AI che risponde 24 ore su 24, 7 giorni su 7. Si presenta come assistente AI fin dall’inizio della chiamata, risponde alle domande frequenti (orari, parcheggio, menu), raccoglie data, ora, coperti e richieste particolari, poi Le invia il riepilogo di ogni chiamata. Quando serve il Suo team, trasferisce la chiamata secondo le regole che ha stabilito Lei.

Lei mantiene il Suo numero di sempre: basta una deviazione di chiamata. E con i clienti stranieri, attivando le lingue aggiuntive, l’agente riconosce la lingua di chi chiama e risponde nella stessa lingua: ne parla oltre 80. Il piano Receptionist costa 99 USD IVA esclusa al mese, con 350 minuti al mese inclusi, senza costi di attivazione né vincoli.

Veda tutti i piani: https://www.permanenceia.com/it/tarifs?utm_source=linkedin&utm_medium=social&utm_campaign=posts-oct-2026&utm_content=A

#ristorazione #hospitality #assistentetelefonicoAI #intelligenzaartificiale #PMI","it/it-A-linkedin.png","https://www.permanenceia.com/it/tarifs?utm_source=linkedin&utm_medium=social&utm_campaign=posts-oct-2026&utm_content=A"
"2026-10-14","08:00","Europe/London","2026-10-14 09:00","en-gb","en-gb-A","linkedin","Every missed call is a lost customer. For an estate agent, it can be a viewing, or an instruction, that goes to the agency down the road.

It isn’t about being disorganised. You’re showing a flat, meeting a vendor, or the office has closed for the evening, and the phone keeps ringing.

PermanenceAI gives you an AI receptionist that answers your line 24/7. It tells callers it’s an AI from the very start, qualifies each enquiry (buying, selling or renting; budget, area, timescale), books viewings straight into your calendar through Cal.com or Calendly, and sends you a summary of every call. When a caller wants to speak to someone, it transfers the call to your team, following the rules you set.

You keep your existing number with simple call forwarding. Plans start at US$99 excl. tax / month (Receptionist plan, 350 minutes a month), with no setup fee and no commitment.

Compare the plans: https://www.permanenceia.com/en-gb/tarifs?utm_source=linkedin&utm_medium=social&utm_campaign=posts-oct-2026&utm_content=A

#EstateAgents #AIReceptionist #PropTech #SmallBusinessUK","en-gb/en-gb-A-linkedin.png","https://www.permanenceia.com/en-gb/tarifs?utm_source=linkedin&utm_medium=social&utm_campaign=posts-oct-2026&utm_content=A"
"2026-10-14","09:30","Europe/Warsaw","2026-10-14 09:30","pl","pl-A","facebook","Telefon dzwoni w połowie koloryzacji. Odbierasz czy pracujesz dalej? 📞

Klient, który trafi na pocztę głosową, często umawia się w salonie obok. Z PermanenceAI nie musisz wybierać: agent głosowy AI odbiera 24/7, od razu mówi, że jest AI, ustala, o jaką usługę chodzi, wpisuje wizytę do grafiku i wysyła Ci podsumowanie rozmowy.

Pakiety od 99 USD netto miesięcznie (Recepcjonistka, 350 minut w miesiącu).
👉 Zobacz cennik: https://www.permanenceia.com/pl/tarifs?utm_source=facebook&utm_medium=social&utm_campaign=posts-oct-2026&utm_content=A

#salonfryzjerski #barbershop #fryzjer #asystentAI","pl/pl-A-carre.png","https://www.permanenceia.com/pl/tarifs?utm_source=facebook&utm_medium=social&utm_campaign=posts-oct-2026&utm_content=A"
"2026-10-14","12:45","Europe/Warsaw","2026-10-14 12:45","pl","pl-A","linkedin","Nieodebrany telefon to utracony klient.
Każdy, kto prowadzi salon fryzjerski lub barber shop, zna tę sytuację: telefon dzwoni w trakcie koloryzacji albo w połowie strzyżenia, a nikt nie może odebrać. Klient, który trafi na pocztę głosową, często umawia się w salonie obok.

PermanenceAI to agent głosowy AI, który odbiera telefony w Twoim salonie 24/7. Na początku każdej rozmowy informuje, że jest AI. Ustala usługę i dogodny termin, rezerwuje wizytę w podłączonym kalendarzu (Cal.com lub Calendly, a przez nie także Kalendarz Google i Outlook) i wysyła Ci podsumowanie każdej rozmowy. Gdy sprawa wymaga człowieka, przekazuje rozmowę Twojemu zespołowi albo proponuje oddzwonienie, zgodnie z Twoimi zasadami.

Zachowujesz swój numer: wystarczy przekierowanie połączeń. Pakiety zaczynają się od 99 USD netto miesięcznie (Recepcjonistka, 350 minut w miesiącu), bez opłaty aktywacyjnej, a przy rozliczeniu miesięcznym bez zobowiązań.

Porównaj pakiety: https://www.permanenceia.com/pl/tarifs?utm_source=linkedin&utm_medium=social&utm_campaign=posts-oct-2026&utm_content=A

#AsystentGłosowyAI #SalonFryzjerski #ObsługaKlienta #MałyBiznes","pl/pl-A-linkedin.png","https://www.permanenceia.com/pl/tarifs?utm_source=linkedin&utm_medium=social&utm_campaign=posts-oct-2026&utm_content=A"
"2026-10-14","12:30","Europe/London","2026-10-14 13:30","en-gb","en-gb-A","facebook","Out on a viewing when the phone rings? Will that buyer wait… or ring the next agent? 📞

PermanenceAI gives you an AI receptionist that picks up 24/7. It tells callers it’s an AI, asks the right questions (budget, area, timescale), books the viewing straight into your calendar and sends you a summary of every call.

Plans from US$99 excl. tax / month. No setup fee, no commitment.

See pricing 👉 https://www.permanenceia.com/en-gb/tarifs?utm_source=facebook&utm_medium=social&utm_campaign=posts-oct-2026&utm_content=A

#EstateAgents #AIReceptionist","en-gb/en-gb-A-carre.png","https://www.permanenceia.com/en-gb/tarifs?utm_source=facebook&utm_medium=social&utm_campaign=posts-oct-2026&utm_content=A"
"2026-10-15","08:30","Australia/Sydney","2026-10-14 23:30","en-au","en-au-A","linkedin","Every missed call is a customer who might be ringing someone else right now.
For tradies, mechanics and workshop owners, the phone always seems to go when your hands are full.

It’s not about being organised. Mid-job, you simply can’t pick up. PermanenceAI gives you an AI receptionist that answers your line 24/7. It tells callers it’s an AI right at the start of the call, takes down the details (the job or the vehicle, address, urgency, preferred time), books straight into your calendar (Google Calendar or Outlook, via Cal.com or Calendly) and sends you a summary of every call.

When a caller needs you personally, it transfers the call or arranges a callback, following the rules you set. You keep your existing number with call forwarding.

No setup fee, no lock-in contract. Plans start at US$99 excl. tax / month, with 350 minutes of calls included.

Compare the plans and what each one includes:
https://www.permanenceia.com/en-au/tarifs?utm_source=linkedin&utm_medium=social&utm_campaign=posts-oct-2026&utm_content=A

#SmallBusinessAustralia #Tradies #AIReceptionist #Automotive #CustomerService","en-au/en-au-A-linkedin.png","https://www.permanenceia.com/en-au/tarifs?utm_source=linkedin&utm_medium=social&utm_campaign=posts-oct-2026&utm_content=A"
"2026-10-15","12:30","Australia/Sydney","2026-10-15 03:30","en-au","en-au-A","facebook","On the tools, under a bonnet or up a ladder, and the phone’s ringing again? 🔧

If nobody picks up, that customer might just ring the next business on the list. Your PermanenceAI agent answers 24/7, tells callers upfront that it’s an AI, takes down the details, books the job into your calendar and sends you a summary of every call.

Plans from US$99 excl. tax / month. No setup fee, no lock-in contract, and you keep your number.

👉 See pricing: https://www.permanenceia.com/en-au/tarifs?utm_source=facebook&utm_medium=social&utm_campaign=posts-oct-2026&utm_content=A

#smallbusinessaustralia #tradies #AIreceptionist","en-au/en-au-A-carre.png","https://www.permanenceia.com/en-au/tarifs?utm_source=facebook&utm_medium=social&utm_campaign=posts-oct-2026&utm_content=A"
"2026-10-15","08:30","Europe/Amsterdam","2026-10-15 08:30","nl","nl-A","linkedin","Gemiste oproep? Gemiste klant.
Wie bij een kantoor op de voicemail uitkomt, belt vaak gewoon het volgende kantoor.

Zit u in een bespreking, ontvangt u een cliënt of loopt het storm in de aangifteperiode? Dan blijft de telefoon al snel onbeantwoord. Met PermanenceAI neemt een AI-telefoonassistent uw gesprekken 24/7 aan. De agent meldt meteen dat hij een AI is, vraagt of het om een bestaande cliënt of een nieuwe zaak gaat, stelt de juiste vragen en zet het intakegesprek direct in uw agenda (Google Agenda of Outlook, via Cal.com of Calendly).

Na elk gesprek ontvangt u een samenvatting; de opname en de transcriptie vindt u terug in uw gespreksgeschiedenis. Een gevoelige vraag, of een cliënt die u persoonlijk wil spreken? Dan verbindt de agent door volgens uw regels, of noteert hij een terugbelverzoek met een samenvatting van de vraag. Meerdere gesprekken tegelijk zijn geen probleem, en u houdt uw eigen nummer via een eenvoudige doorschakeling.

Het Receptionist-abonnement kost US$ 99 excl. btw per maand, met 350 belminuten per maand inbegrepen. Geen opstartkosten, geen verplichtingen.
Bekijk alle abonnementen: https://www.permanenceia.com/nl/tarifs?utm_source=linkedin&utm_medium=social&utm_campaign=posts-oct-2026&utm_content=A

#telefonischebereikbaarheid #AI #mkb #advocatuur #accountancy","nl/nl-A-linkedin.png","https://www.permanenceia.com/nl/tarifs?utm_source=linkedin&utm_medium=social&utm_campaign=posts-oct-2026&utm_content=A"
"2026-10-15","12:15","Europe/Amsterdam","2026-10-15 12:15","nl","nl-A","facebook","Gemiste oproep? Gemiste klant. 📞

U zit in een bespreking, bij een klant of onderweg, en de telefoon gaat. Uw AI-telefoonassistent neemt op, 24/7. Hij meldt meteen dat hij een AI is, stelt de juiste vragen, zet de afspraak in uw agenda en stuurt u na elk gesprek een samenvatting. Zo blijft u bereikbaar, ook als u zelf even niet kunt opnemen. En u houdt gewoon uw eigen nummer.

Vanaf US$ 99 excl. btw per maand, 350 belminuten inbegrepen (Receptionist-abonnement).
👉 Bekijk de prijzen: https://www.permanenceia.com/nl/tarifs?utm_source=facebook&utm_medium=social&utm_campaign=posts-oct-2026&utm_content=A

#telefonischebereikbaarheid #mkb","nl/nl-A-carre.png","https://www.permanenceia.com/nl/tarifs?utm_source=facebook&utm_medium=social&utm_campaign=posts-oct-2026&utm_content=A"
"2026-10-18","09:00","Asia/Jerusalem","2026-10-18 08:00","he","he-B","linkedin","הדרך הכי מהירה להתרשם ממענה טלפוני AI? פשוט להתקשר.

חייגו 03-382-7709 (מחו״ל: ‎+972 3-382-7709). נועה, סוכנת ה-AI שלנו, עונה 24/7 ומציגה את עצמה כ-AI כבר בתחילת השיחה. שאלו אותה על המסלולים או על ההגדרה, קטעו אותה באמצע משפט, שנו כיוון, ותחליטו בעצמכם.

מעדיפים לא להרים טלפון? ההדגמה החיה באתר עובדת בדפדפן, בחינם ובלי הרשמה. בוחרים את התפקיד של הסוכן (מענה וקבלה, מכירות או תמיכה), את התחום שלכם ואת הקול (נועה או דניאל), ומתחילים לדבר כמו לקוחות, בדיבור או בכתב. ובימים א׳–ה׳, בשעות הפעילות, אפשר גם לבקש שהסוכן יתקשר אליכם.

כשהסוכן מוגדר לעסק שלכם, הוא מזהה את השפה של כל מתקשר ועונה בה (יותר מ-80 שפות), קובע פגישות ושולח לכם סיכום של כל שיחה. כשצריך בן אדם, הוא מעביר את השיחה לצוות שלכם לפי הכללים שקבעתם.

שמעו בעצמכם: https://www.permanenceia.com/he/demo?utm_source=linkedin&utm_medium=social&utm_campaign=posts-oct-2026&utm_content=B

#מענהטלפוני #בינהמלאכותית #חוויתלקוח #עסקיםקטנים","he/he-B-linkedin.png","https://www.permanenceia.com/he/demo?utm_source=linkedin&utm_medium=social&utm_campaign=posts-oct-2026&utm_content=B"
"2026-10-18","12:30","Asia/Jerusalem","2026-10-18 11:30","he","he-B","facebook","אל תאמינו לנו על המילה. חייגו 03-382-7709 📞

נועה, סוכנת ה-AI שלנו, עונה בעברית 24/7 ואומרת לכם כבר בהתחלה שהיא AI. שאלו אותה על המסלולים, על תקופת הניסיון או איך זה עובד, ותשמעו בעצמכם איך סוכנת AI מנהלת שיחה אמיתית.

מעדיפים לא להתקשר? דברו עם נועה או עם דניאל ישירות בדפדפן: בחינם, בלי הרשמה.

להדגמה החיה 👈 https://www.permanenceia.com/he/demo?utm_source=facebook&utm_medium=social&utm_campaign=posts-oct-2026&utm_content=B

#מענהטלפוני #בינהמלאכותית","he/he-B-carre.png","https://www.permanenceia.com/he/demo?utm_source=facebook&utm_medium=social&utm_campaign=posts-oct-2026&utm_content=B"
"2026-10-20","08:30","Europe/Rome","2026-10-20 08:30","it","it-B","facebook","🎧 Un agente AI al telefono: che effetto fa, davvero?
Non ci creda sulla parola: lo ascolti. Sul nostro sito può parlare dal vivo con Manuela o Marco, i nostri agenti vocali AI, direttamente dal browser, gratis e senza iscrizione. Preferisce il telefono? Lasci il Suo numero: l’agente La chiama in orario di apertura.
Gli faccia le domande che Le fanno i Suoi clienti, cambi idea, lo interrompa.
👉 Provi la demo: https://www.permanenceia.com/it/demo?utm_source=facebook&utm_medium=social&utm_campaign=posts-oct-2026&utm_content=B
#assistentetelefonicoAI #intelligenzaartificiale","it/it-B-carre.png","https://www.permanenceia.com/it/demo?utm_source=facebook&utm_medium=social&utm_campaign=posts-oct-2026&utm_content=B"
"2026-10-20","08:30","Europe/Paris","2026-10-20 08:30","fr","fr-B","linkedin","Le meilleur moyen de juger un agent vocal IA, c’est de lui parler.
Pas de vidéo, pas de brochure : une vraie conversation, tout de suite, gratuitement.

Sur notre page démo, vous choisissez un rôle (réceptionniste, commercial ou support), l’un des sept accents proposés et une voix féminine ou masculine (Jade ou Hugo en français). Vous lui parlez au micro ou par écrit, directement dans votre navigateur, sans inscription. Vous préférez le téléphone ? Laissez votre numéro : l’agent vous appelle aux heures d’ouverture, du lundi au samedi de 9 h à 12 h 30 et de 14 h à 19 h (heure de Paris).

Mettez-vous à la place de vos clients : interrompez-le, changez d’avis, posez la question qu’on vous pose sans arrêt. Et une fois en service chez vous, votre agent se présente toujours comme une IA dès le début de l’appel, puis répond à chaque appelant dans sa langue (plus de 80 sont disponibles).

→ Lancez la démo en direct : https://www.permanenceia.com/demo?utm_source=linkedin&utm_medium=social&utm_campaign=posts-oct-2026&utm_content=B

#agentvocalIA #IA #relationclient #TPE #PME","fr/fr-B-linkedin.png","https://www.permanenceia.com/demo?utm_source=linkedin&utm_medium=social&utm_campaign=posts-oct-2026&utm_content=B"
"2026-10-20","12:15","Europe/Paris","2026-10-20 12:15","fr","fr-B","facebook","Ne nous croyez pas sur parole : parlez à notre agent IA. 🎙️
Il vous répond en direct dans votre navigateur, gratuitement et sans inscription. Vous préférez le téléphone ? Laissez votre numéro : il vous appelle aux heures d’ouverture.

Choisissez son rôle (réceptionniste, commercial ou support) et sa voix, Jade ou Hugo. Interrompez-le, posez vos questions : trente secondes suffisent pour vous faire une idée.
👉 Essayez-le : https://www.permanenceia.com/demo?utm_source=facebook&utm_medium=social&utm_campaign=posts-oct-2026&utm_content=B

#agentIA #démo","fr/fr-B-carre.png","https://www.permanenceia.com/demo?utm_source=facebook&utm_medium=social&utm_campaign=posts-oct-2026&utm_content=B"
"2026-10-20","12:45","Europe/Rome","2026-10-20 12:45","it","it-B","linkedin","«Ma sembra un robot?» Quando si parla di AI al telefono, è la prima domanda che viene in mente.
Più che leggere la nostra risposta, conviene ascoltare l’agente: bastano trenta secondi.

Sulla pagina demo di PermanenceIA può parlare dal vivo con il nostro agente vocale AI, direttamente dal browser, gratis e senza iscrizione. Sceglie il ruolo (Receptionist, Commerciale o Assistenza), la lingua e la voce: Manuela o Marco per l’italiano, ma anche voci in francese, inglese britannico e australiano, polacco, olandese ed ebraico. Preferisce il telefono? Lasci il Suo numero: l’agente La chiama entro pochi minuti durante l’orario di apertura (dal lunedì al sabato, 9:00-13:00 e 14:30-19:00, ora italiana).

Lo metta alla prova come farebbe un Suo cliente: faccia domande, cambi idea, lo interrompa. Sentirà l’agente presentarsi come AI e, secondo il ruolo scelto, rispondere, qualificare la richiesta o proporre un appuntamento. Capirà così cosa potrà fare il Suo agente per i Suoi clienti, in oltre 80 lingue.

Provi la demo dal vivo: https://www.permanenceia.com/it/demo?utm_source=linkedin&utm_medium=social&utm_campaign=posts-oct-2026&utm_content=B

#intelligenzaartificiale #assistentetelefonicoAI #customerexperience #PMI","it/it-B-linkedin.png","https://www.permanenceia.com/it/demo?utm_source=linkedin&utm_medium=social&utm_campaign=posts-oct-2026&utm_content=B"
"2026-10-21","08:00","Europe/London","2026-10-21 09:00","en-gb","en-gb-B","linkedin","The quickest way to judge an AI receptionist? Ring one.

Call 07367 090106 (+44 7367 090106 from outside the UK). Katie, our AI agent, picks up 24/7 and tells you from the outset that she’s an AI. Ask her about plans, the trial or setup, try interrupting her, and judge the conversation for yourself.

Rather not pick up the phone? Our live demo runs in your browser, free and with no sign-up. Choose a role (receptionist, sales or support) and your trade, pick Katie’s or James’s voice, then play the customer, out loud or by typing. You can also have the agent ring your own phone, within minutes during our opening hours (Monday to Saturday, UK time).

Once it’s set up for your business, the agent detects each caller’s language and replies in the same language (more than 80 available), books appointments and sends you a summary of every call.

Hear it for yourself: https://www.permanenceia.com/en-gb/demo?utm_source=linkedin&utm_medium=social&utm_campaign=posts-oct-2026&utm_content=B

#AIReceptionist #VoiceAI #CustomerExperience #SmallBusinessUK","en-gb/en-gb-B-linkedin.png","https://www.permanenceia.com/en-gb/demo?utm_source=linkedin&utm_medium=social&utm_campaign=posts-oct-2026&utm_content=B"
"2026-10-21","09:30","Europe/Warsaw","2026-10-21 09:30","pl","pl-B","facebook","Nie wierz nam na słowo – po prostu porozmawiaj z naszym agentem AI. 🎧

Na stronie PermanenceAI rozmawiasz z agentem głosowym AI na żywo: w przeglądarce, bez rejestracji, przez mikrofon albo na piśmie. Wolisz telefon? Zostaw numer, a agent zadzwoni do Ciebie w ciągu kilku minut (pon.–sob., 9:00–17:30).

Do wyboru masz dwa głosy: Lenę i Tomasza (oboje to AI). Pytaj tak, jak pytaliby Twoi klienci.

👉 Bezpłatne demo: https://www.permanenceia.com/pl/demo?utm_source=facebook&utm_medium=social&utm_campaign=posts-oct-2026&utm_content=B

#asystentAI #sztucznainteligencja","pl/pl-B-carre.png","https://www.permanenceia.com/pl/demo?utm_source=facebook&utm_medium=social&utm_campaign=posts-oct-2026&utm_content=B"
"2026-10-21","12:45","Europe/Warsaw","2026-10-21 12:45","pl","pl-B","linkedin","Jak brzmi agent głosowy AI, który odbierałby telefony w Twojej firmie?
Zamiast czytać opisy, po prostu z nim porozmawiaj. Demo na żywo jest bezpłatne i nie wymaga rejestracji.

Na stronie PermanenceAI wybierasz rolę agenta (recepcja, sprzedaż lub wsparcie), język i głos, a potem rozmawiasz z nim w przeglądarce: przez mikrofon albo na piśmie. Wolisz rozmowę przez telefon? Zostaw numer i wskaż branżę: agent zadzwoni do Ciebie w ciągu kilku minut (od poniedziałku do soboty, 9:00–17:30) i odegra scenariusz dopasowany do Twojej działalności.

Po polsku do wyboru są dwa głosy: Lena (żeński) i Tomasz (męski). Oboje to agenci AI, a ich portrety to wygenerowane ilustracje. Twój własny agent rozpozna język dzwoniącego i odpowie w tym samym języku – obsługuje ponad 80 języków.

Sprawdź to, czego nie da się opisać: przerywaj mu, zmieniaj zdanie, zadawaj pytania tak, jak zrobiliby to Twoi klienci.

Wypróbuj demo: https://www.permanenceia.com/pl/demo?utm_source=linkedin&utm_medium=social&utm_campaign=posts-oct-2026&utm_content=B

#AsystentGłosowyAI #SztucznaInteligencja #ObsługaKlienta #Automatyzacja","pl/pl-B-linkedin.png","https://www.permanenceia.com/pl/demo?utm_source=linkedin&utm_medium=social&utm_campaign=posts-oct-2026&utm_content=B"
"2026-10-21","12:30","Europe/London","2026-10-21 13:30","en-gb","en-gb-B","facebook","Don’t take our word for it. Ring 07367 090106 📞 (+44 7367 090106 from outside the UK)

Katie, our AI receptionist, picks up 24/7 and tells you straight away that she’s an AI. Ask her about our plans, the free trial or how it all works, and hear for yourself how an AI agent handles a real call.

Rather not call? Talk to Katie or James live in your browser: free, no sign-up.

Try our agent live 👉 https://www.permanenceia.com/en-gb/demo?utm_source=facebook&utm_medium=social&utm_campaign=posts-oct-2026&utm_content=B

#AIReceptionist #VoiceAI","en-gb/en-gb-B-carre.png","https://www.permanenceia.com/en-gb/demo?utm_source=facebook&utm_medium=social&utm_campaign=posts-oct-2026&utm_content=B"
"2026-10-22","08:30","Australia/Sydney","2026-10-21 23:30","en-au","en-au-B","linkedin","The quickest way to judge an AI receptionist? Talk to one.
No slides, no sales pitch: just you and our AI agent, live.

On our demo page, you choose a role (receptionist, sales or support), your trade and a voice. In Australian English, that’s Charlotte or Jack. Then you talk to the agent straight from your browser, by voice or by typing, no sign-up needed. Rather hear it on a real call? Have it ring your phone during business hours, Sydney time.

Test it the way your customers would: ask about availability, change your mind halfway through, interrupt it. It tells you from the start that it’s an AI, exactly as it does with every caller. And when a caller speaks another language, your agent detects it and replies in that language, with more than 80 languages available.

Hear it for yourself, free:
https://www.permanenceia.com/en-au/demo?utm_source=linkedin&utm_medium=social&utm_campaign=posts-oct-2026&utm_content=B

#AIReceptionist #SmallBusinessAustralia #VoiceAI #CustomerExperience","en-au/en-au-B-linkedin.png","https://www.permanenceia.com/en-au/demo?utm_source=linkedin&utm_medium=social&utm_campaign=posts-oct-2026&utm_content=B"
"2026-10-22","12:30","Australia/Sydney","2026-10-22 03:30","en-au","en-au-B","facebook","What does an AI receptionist actually sound like? Don’t take our word for it: have a yarn with one. 🎧

Charlotte and Jack, our AI voices with an Australian accent, are live on our website. Pick a voice and talk in your browser, no sign-up needed, or have the agent ring your phone during business hours (Sydney time). Ask what your customers would ask, change your mind, interrupt it mid-sentence.

Free live demo 👉 https://www.permanenceia.com/en-au/demo?utm_source=facebook&utm_medium=social&utm_campaign=posts-oct-2026&utm_content=B

#AIreceptionist #smallbusinessaustralia","en-au/en-au-B-carre.png","https://www.permanenceia.com/en-au/demo?utm_source=facebook&utm_medium=social&utm_campaign=posts-oct-2026&utm_content=B"
"2026-10-22","08:30","Europe/Amsterdam","2026-10-22 08:30","nl","nl-B","linkedin","Geloof ons niet zomaar op ons woord: praat zelf met onze AI-agent.
Dertig seconden zijn genoeg om te horen hoe een AI-telefoonassistent klinkt.

Op onze demopagina praat u live met Emma (vrouwenstem) of Daan (mannenstem), onze Nederlandstalige AI-agents. Dat kan direct in uw browser, via uw microfoon of door te typen, gratis en zonder aanmelden. Liever op uw eigen telefoon? Laat uw nummer achter en de agent belt u, van maandag tot en met zaterdag tussen 9.00 en 17.30 uur.

Kies een rol (receptionist, sales of support) en uw sector, en stel uw vragen zoals een klant dat zou doen. Onderbreek de agent of verander van onderwerp: zo hoort u hoe hij een aanvraag afhandelt. Goed om te weten: uw eigen agent herkent de taal van de beller en antwoordt in dezelfde taal, in meer dan 80 talen.

Emma en Daan zijn virtuele AI-agents: hun gezichten zijn gegenereerde illustraties, geen echte mensen.
Start de live demo: https://www.permanenceia.com/nl/demo?utm_source=linkedin&utm_medium=social&utm_campaign=posts-oct-2026&utm_content=B

#AI #spraakassistent #klantcontact #telefonischebereikbaarheid #mkb","nl/nl-B-linkedin.png","https://www.permanenceia.com/nl/demo?utm_source=linkedin&utm_medium=social&utm_campaign=posts-oct-2026&utm_content=B"
"2026-10-22","12:15","Europe/Amsterdam","2026-10-22 12:15","nl","nl-B","facebook","Hoe klinkt een AI-telefoonassistent eigenlijk? Hoor het zelf. 🎧

Praat live met Emma of Daan, onze AI-agents: gewoon in uw browser, gratis en zonder aanmelden. Liever gebeld worden? Laat uw nummer achter en de agent belt u (ma–za, 9.00–17.30 uur).

Stel uw vragen zoals een klant dat zou doen en onderbreek de agent gerust. Dertig seconden zijn genoeg om een oordeel te vormen.

👉 Start de live demo: https://www.permanenceia.com/nl/demo?utm_source=facebook&utm_medium=social&utm_campaign=posts-oct-2026&utm_content=B

#AI #telefonischebereikbaarheid","nl/nl-B-carre.png","https://www.permanenceia.com/nl/demo?utm_source=facebook&utm_medium=social&utm_campaign=posts-oct-2026&utm_content=B"
"2026-10-25","09:00","Asia/Jerusalem","2026-10-25 08:00","he","he-C","linkedin","סוכן AI משלכם, מוכן תוך דקות. ו-30 הדקות הראשונות עלינו.

ככה בדיוק עובדת תקופת הניסיון של PermanenceAI:
• 14 יום על המסלול שתבחרו, עם 30 דקות שיחה כלולות (כשהן נגמרות, השיחות נעצרות עד סוף התקופה או עד שמפעילים את המנוי)
• נדרש כרטיס אשראי בהפעלה, אבל אין שום חיוב בתקופת הניסיון
• ללא התחייבות וללא דמי הקמה: מבטלים מאזור הלקוח לפני סוף התקופה ולא משלמים כלום (7 ימים לפני הסוף נשלחת אליכם תזכורת במייל)
• אם לא ביטלתם, המסלול שבחרתם מתחיל בתום 14 הימים

שומרים על המספר הקיים: הפניית שיחות, חיבור SIP או ייבוא מ-Twilio או מ-Telnyx. סוכן ראשון מוכן תוך כמה דקות; להגדרה מלאה, עם יומן, מספרים והעברות שיחה, כדאי לתכנן יום־יומיים ברוב המקרים, בליווי שלנו.

מרגע שהוא פעיל, הסוכן עונה 24/7, מציג את עצמו כ-AI, קובע פגישות ושולח לכם סיכום של כל שיחה.

התחילו בחינם: https://www.permanenceia.com/he/essai-gratuit?utm_source=linkedin&utm_medium=social&utm_campaign=posts-oct-2026&utm_content=C

#מענהטלפוני #בינהמלאכותית #עסקיםקטנים #שירותלקוחות","he/he-C-linkedin.png","https://www.permanenceia.com/he/essai-gratuit?utm_source=linkedin&utm_medium=social&utm_campaign=posts-oct-2026&utm_content=C"
"2026-10-25","12:30","Asia/Jerusalem","2026-10-25 11:30","he","he-C","facebook","סוכן AI משלכם, בחינם, עם 30 דקות מתנה 🎁

נסו את PermanenceAI במשך 14 יום על המסלול שתבחרו, עם 30 דקות שיחה כלולות. סוכן ראשון מוכן תוך דקות, והמספר נשאר שלכם.

נדרש כרטיס אשראי בהפעלה, אבל אין שום חיוב בתקופת הניסיון. ללא התחייבות: מבטלים לפני סוף התקופה ולא משלמים כלום. אם לא ביטלתם, המסלול שבחרתם מתחיל בתום 14 הימים.

התחילו בחינם 👈 https://www.permanenceia.com/he/essai-gratuit?utm_source=facebook&utm_medium=social&utm_campaign=posts-oct-2026&utm_content=C

#מענהטלפוני #בינהמלאכותית","he/he-C-carre.png","https://www.permanenceia.com/he/essai-gratuit?utm_source=facebook&utm_medium=social&utm_campaign=posts-oct-2026&utm_content=C"
"2026-10-27","08:30","Europe/Rome","2026-10-27 08:30","it","it-C","facebook","✅ Il Suo agente AI gratuito, pronto in pochi minuti.
Provi PermanenceIA per 14 giorni sul piano che preferisce, con 30 minuti di chiamate inclusi. L’agente risponde 24/7 in oltre 80 lingue, fissa gli appuntamenti e Le invia il riepilogo di ogni chiamata. E Lei mantiene il Suo numero di sempre.
Carta richiesta all’attivazione, nessun addebito durante la prova. Senza vincoli: disdica prima della fine senza costi, altrimenti al termine parte il piano scelto.
👉 Inizi gratis: https://www.permanenceia.com/it/essai-gratuit?utm_source=facebook&utm_medium=social&utm_campaign=posts-oct-2026&utm_content=C
#provagratuita #assistentetelefonicoAI","it/it-C-carre.png","https://www.permanenceia.com/it/essai-gratuit?utm_source=facebook&utm_medium=social&utm_campaign=posts-oct-2026&utm_content=C"
"2026-10-27","08:30","Europe/Paris","2026-10-27 08:30","fr","fr-C","linkedin","Et si vous testiez un agent vocal IA sur vos propres appels, pendant 14 jours, gratuitement ?
Un premier agent est prêt en quelques minutes, et vous gardez votre numéro.

L’essai, c’est 14 jours sur le forfait de votre choix, avec 30 minutes d’appels incluses. Votre agent se présente comme une IA, répond 24 h/24 dans plus de 80 langues, prend les rendez-vous, qualifie les demandes et vous envoie le résumé de chaque appel. Pour une configuration complète (agenda, numéros, transferts), comptez en général un à deux jours, avec notre accompagnement.

Les conditions, en clair : carte demandée à l’activation, rien n’est débité pendant l’essai ; le forfait démarre à la fin sauf annulation. Sans engagement ni frais de mise en service : vous annulez sans frais depuis votre espace, et un e-mail vous prévient 7 jours avant la fin de l’essai.

→ Démarrez l’essai de 14 jours : https://www.permanenceia.com/essai-gratuit?utm_source=linkedin&utm_medium=social&utm_campaign=posts-oct-2026&utm_content=C

#essaigratuit #agentvocalIA #TPE #PME #standardtéléphonique","fr/fr-C-linkedin.png","https://www.permanenceia.com/essai-gratuit?utm_source=linkedin&utm_medium=social&utm_campaign=posts-oct-2026&utm_content=C"
"2026-10-27","12:15","Europe/Paris","2026-10-27 12:15","fr","fr-C","facebook","Votre agent IA gratuit, prêt en quelques minutes. 🎁
14 jours d’essai sur le forfait de votre choix, avec 30 minutes d’appels incluses. Il répond 24 h/24, prend vos rendez-vous et vous envoie le résumé de chaque appel. Vous gardez votre numéro.

Carte demandée à l’activation, rien n’est débité pendant l’essai ; le forfait démarre à la fin sauf annulation. Sans engagement, annulation sans frais.
👉 Démarrer l’essai : https://www.permanenceia.com/essai-gratuit?utm_source=facebook&utm_medium=social&utm_campaign=posts-oct-2026&utm_content=C

#essaigratuit #agentIA","fr/fr-C-carre.png","https://www.permanenceia.com/essai-gratuit?utm_source=facebook&utm_medium=social&utm_campaign=posts-oct-2026&utm_content=C"
"2026-10-27","12:45","Europe/Rome","2026-10-27 12:45","it","it-C","linkedin","Provare un agente vocale AI sulle proprie chiamate prima di decidere: è questo il senso della prova gratuita di PermanenceIA.
14 giorni sul piano che preferisce, 30 minuti di chiamate inclusi.

Un primo agente è pronto in pochi minuti a partire dalle informazioni sulla Sua attività; per una configurazione completa (calendario, numeri, trasferimenti) servono in genere uno o due giorni, con il nostro supporto. Lei mantiene il Suo numero di sempre grazie alla deviazione di chiamata. L’agente si presenta come AI, risponde 24 ore su 24 in oltre 80 lingue, fissa gli appuntamenti, qualifica i contatti e Le invia il riepilogo di ogni chiamata.

Le condizioni, in chiaro: carta richiesta all’attivazione, nessun addebito durante la prova. Raggiunti i 30 minuti, le chiamate si interrompono fino alla fine della prova o all’avvio dell’abbonamento. Le inviamo un’email di promemoria 7 giorni prima della scadenza: se disdice prima della fine dei 14 giorni non paga nulla, altrimenti parte il piano scelto. Nessun vincolo, nessun costo di attivazione.

Inizi gratis: https://www.permanenceia.com/it/essai-gratuit?utm_source=linkedin&utm_medium=social&utm_campaign=posts-oct-2026&utm_content=C

#provagratuita #assistentetelefonicoAI #intelligenzaartificiale #PMI #digitalizzazione","it/it-C-linkedin.png","https://www.permanenceia.com/it/essai-gratuit?utm_source=linkedin&utm_medium=social&utm_campaign=posts-oct-2026&utm_content=C"
"2026-10-28","08:00","Europe/London","2026-10-28 09:00","en-gb","en-gb-C","linkedin","Your free AI agent, live in minutes, with 30 minutes of calls on us.

Here’s exactly how the PermanenceAI free trial works:
• 14 days on the plan of your choice, with 30 call minutes included
• A card is required on activation, but nothing is charged during the trial
• No commitment, no setup fee: cancel from your customer area before the end and you pay nothing (you’ll get a reminder email 7 days before the trial ends)
• If you don’t cancel, your chosen plan starts when the 14 days are up

You keep your existing number: forward your calls, connect via SIP, or import your Twilio or Telnyx numbers. A first agent is ready in a few minutes; a full setup with calendar, numbers and transfers usually takes one to two days, with our help.

Once live, your agent answers 24/7, tells callers it’s an AI, books appointments and sends you a summary of every call.

Start for free: https://www.permanenceia.com/en-gb/essai-gratuit?utm_source=linkedin&utm_medium=social&utm_campaign=posts-oct-2026&utm_content=C

#AIReceptionist #FreeTrial #SmallBusinessUK #CustomerService","en-gb/en-gb-C-linkedin.png","https://www.permanenceia.com/en-gb/essai-gratuit?utm_source=linkedin&utm_medium=social&utm_campaign=posts-oct-2026&utm_content=C"
"2026-10-28","09:30","Europe/Warsaw","2026-10-28 09:30","pl","pl-C","facebook","Twój darmowy agent AI, gotowy w kilka minut. 🎁

Przez 14 dni testujesz agenta głosowego AI w swojej firmie, z 30 minutami połączeń w cenie. Odbiera telefony 24/7, umawia wizyty i wysyła Ci podsumowanie każdej rozmowy. Twój numer zostaje bez zmian.

Karta jest wymagana przy aktywacji, ale w okresie próbnym nic nie pobieramy. Anulujesz przed upływem 14 dni? Nic nie płacisz. Jeśli nie, po 14 dniach uruchamia się wybrany pakiet. Bez zobowiązań.

👉 Zacznij za darmo: https://www.permanenceia.com/pl/essai-gratuit?utm_source=facebook&utm_medium=social&utm_campaign=posts-oct-2026&utm_content=C

#asystentAI #małybiznes","pl/pl-C-carre.png","https://www.permanenceia.com/pl/essai-gratuit?utm_source=facebook&utm_medium=social&utm_campaign=posts-oct-2026&utm_content=C"
"2026-10-28","12:45","Europe/Warsaw","2026-10-28 12:45","pl","pl-C","linkedin","Bezpłatny okres próbny: 14 dni i 30 minut połączeń.
Tyle masz, żeby sprawdzić agenta głosowego AI w swojej firmie, zanim cokolwiek zapłacisz.

Jak to wygląda? Zakładasz konto, wybierasz pakiet do przetestowania i opisujesz swoją działalność. Kreator promptów prowadzi Cię krok po kroku, a pierwszy agent jest gotowy w kilka minut. Pełna konfiguracja (kalendarz, numery, przekierowania) zajmuje zwykle jeden–dwa dni, z naszym wsparciem. Zachowujesz swój numer: wystarczy przekierowanie połączeń.

Agent odbiera telefony 24/7, na początku rozmowy informuje, że jest AI, kwalifikuje zgłoszenia, umawia wizyty i wysyła Ci podsumowanie każdej rozmowy.

Warunki bez drobnego druku: karta jest wymagana przy aktywacji, ale w okresie próbnym nic nie pobieramy. Jeśli anulujesz przed upływem 14 dni, nic nie zapłacisz; w przeciwnym razie uruchamia się wybrany pakiet. Na 7 dni przed końcem okresu próbnego wyślemy Ci e-mail z przypomnieniem. Bez zobowiązań i bez opłaty aktywacyjnej.

Zacznij za darmo: https://www.permanenceia.com/pl/essai-gratuit?utm_source=linkedin&utm_medium=social&utm_campaign=posts-oct-2026&utm_content=C

#AsystentGłosowyAI #BezpłatnyOkresPróbny #MałyBiznes #AI","pl/pl-C-linkedin.png","https://www.permanenceia.com/pl/essai-gratuit?utm_source=linkedin&utm_medium=social&utm_campaign=posts-oct-2026&utm_content=C"
"2026-10-28","12:30","Europe/London","2026-10-28 13:30","en-gb","en-gb-C","facebook","Your free AI agent, with 30 minutes on us 🎁

Try PermanenceAI free for 14 days on the plan of your choice, with 30 minutes of calls included. Your first agent is up and running in minutes, and you keep your number.

A card is required to activate the trial, but nothing is charged for the 14 days. No commitment: cancel before the end and you pay nothing. Otherwise, your chosen plan starts when the trial ends.

Start for free 👉 https://www.permanenceia.com/en-gb/essai-gratuit?utm_source=facebook&utm_medium=social&utm_campaign=posts-oct-2026&utm_content=C

#AIReceptionist #FreeTrial","en-gb/en-gb-C-carre.png","https://www.permanenceia.com/en-gb/essai-gratuit?utm_source=facebook&utm_medium=social&utm_campaign=posts-oct-2026&utm_content=C"
"2026-10-29","08:30","Australia/Sydney","2026-10-28 22:30","en-au","en-au-C","linkedin","Curious about an AI receptionist but not ready to commit? Try it on your own calls first.
Our free trial gives you 14 days on the plan you choose, with 30 minutes of calls included.

Your first AI agent can be live within minutes. A full setup with your calendar, numbers and transfers usually takes one to two days, and we help you through it. The agent answers 24/7, says it’s an AI at the start of every call, books appointments and sends you a summary of each conversation.

The fine print, in plain English:
• Card details are required on activation, but nothing is charged during the trial.
• Once the 30 minutes are used up, calls pause until the trial ends or you start your plan.
• No lock-in contract, no setup fee. Cancel before the end at no cost; we email you a reminder 7 days before the trial ends.
• If you don’t cancel, your chosen plan starts at the end of the 14 days.
• You keep your existing number.

Start your free trial:
https://www.permanenceia.com/en-au/essai-gratuit?utm_source=linkedin&utm_medium=social&utm_campaign=posts-oct-2026&utm_content=C

#AIReceptionist #SmallBusinessAustralia #VoiceAI #FreeTrial","en-au/en-au-C-linkedin.png","https://www.permanenceia.com/en-au/essai-gratuit?utm_source=linkedin&utm_medium=social&utm_campaign=posts-oct-2026&utm_content=C"
"2026-10-29","12:30","Australia/Sydney","2026-10-29 02:30","en-au","en-au-C","facebook","Your free AI agent is ready when you are. ⚡

Try PermanenceAI free for 14 days, with 30 minutes of calls included. Your first agent can be up and running in minutes: it answers 24/7, says it’s an AI and sends you a summary of every call. You keep your existing number.

Card details are needed to activate, but nothing is charged during the trial. No lock-in contract: cancel before the 14 days are up and you pay nothing. If you don’t cancel, your chosen plan kicks in at the end of the trial.

👉 Start for free: https://www.permanenceia.com/en-au/essai-gratuit?utm_source=facebook&utm_medium=social&utm_campaign=posts-oct-2026&utm_content=C

#AIreceptionist #smallbusinessaustralia","en-au/en-au-C-carre.png","https://www.permanenceia.com/en-au/essai-gratuit?utm_source=facebook&utm_medium=social&utm_campaign=posts-oct-2026&utm_content=C"
"2026-10-29","08:30","Europe/Amsterdam","2026-10-29 08:30","nl","nl-C","linkedin","Een AI-telefoonassistent 14 dagen testen op uw eigen gesprekken, zonder dat er iets wordt afgeschreven.
Zo werkt onze gratis proefperiode.

U kiest het abonnement dat u wilt testen: de eerste 14 dagen zijn gratis, met 30 belminuten inbegrepen. Een eerste agent staat binnen enkele minuten klaar op basis van uw bedrijfsgegevens; voor de volledige configuratie (agenda, nummers, doorverbinden) rekent u meestal op één tot twee dagen, met onze begeleiding. Uw nummer blijft hetzelfde: een eenvoudige doorschakeling volstaat.

De agent neemt 24/7 op, meldt aan het begin van elk gesprek dat hij een AI is, kwalificeert de aanvraag, boekt afspraken direct in uw agenda en stuurt u na elk gesprek een samenvatting.

De voorwaarden, zwart op wit: bij activering vragen we een creditcard, maar tijdens de proefperiode wordt niets afgeschreven. Geen verplichtingen, geen opstartkosten. Zegt u vóór het einde van de 14 dagen op, dan betaalt u niets; 7 dagen voor het einde ontvangt u een herinneringsmail. Zo niet, dan start daarna het gekozen abonnement.
Gratis starten: https://www.permanenceia.com/nl/essai-gratuit?utm_source=linkedin&utm_medium=social&utm_campaign=posts-oct-2026&utm_content=C

#AI #telefonischebereikbaarheid #mkb #zzp #ondernemen","nl/nl-C-linkedin.png","https://www.permanenceia.com/nl/essai-gratuit?utm_source=linkedin&utm_medium=social&utm_campaign=posts-oct-2026&utm_content=C"
"2026-10-29","12:15","Europe/Amsterdam","2026-10-29 12:15","nl","nl-C","facebook","Uw gratis AI-agent, binnen enkele minuten live. ✨

Probeer PermanenceAI 14 dagen gratis, met 30 belminuten inbegrepen. Uw AI-telefoonassistent neemt 24/7 op, plant afspraken in en stuurt u na elk gesprek een samenvatting. En u houdt gewoon uw eigen nummer.

Helder en eerlijk: bij activering vragen we een creditcard, maar tijdens de proefperiode wordt niets afgeschreven. Geen verplichtingen: zegt u vóór het einde op, dan betaalt u niets. Zo niet, dan start na 14 dagen het abonnement dat u hebt gekozen.

👉 Gratis starten: https://www.permanenceia.com/nl/essai-gratuit?utm_source=facebook&utm_medium=social&utm_campaign=posts-oct-2026&utm_content=C

#AI #mkb","nl/nl-C-carre.png","https://www.permanenceia.com/nl/essai-gratuit?utm_source=facebook&utm_medium=social&utm_campaign=posts-oct-2026&utm_content=C"
